-- phpMyAdmin SQL Dump
-- version 5.0.4
-- https://www.phpmyadmin.net/
--
-- Host: 127.0.0.1
-- Generation Time: Mar 14, 2022 at 11:34 AM
-- Server version: 10.4.17-MariaDB
-- PHP Version: 8.0.2

SET SQL_MODE = "NO_AUTO_VALUE_ON_ZERO";
START TRANSACTION;
SET time_zone = "+00:00";


/*!40101 SET @OLD_CHARACTER_SET_CLIENT=@@CHARACTER_SET_CLIENT */;
/*!40101 SET @OLD_CHARACTER_SET_RESULTS=@@CHARACTER_SET_RESULTS */;
/*!40101 SET @OLD_COLLATION_CONNECTION=@@COLLATION_CONNECTION */;
/*!40101 SET NAMES utf8mb4 */;

--
-- Database: `catchspace`
--

-- --------------------------------------------------------

--
-- Table structure for table `addons`
--

CREATE TABLE `addons` (
  `id` bigint(20) UNSIGNED NOT NULL,
  `name` varchar(255) COLLATE utf8mb4_unicode_ci NOT NULL,
  `deleted_at` timestamp NULL DEFAULT NULL,
  `created_at` timestamp NULL DEFAULT NULL,
  `updated_at` timestamp NULL DEFAULT NULL
) ENGINE=InnoDB DEFAULT CHARSET=utf8mb4 COLLATE=utf8mb4_unicode_ci;

--
-- Dumping data for table `addons`
--

INSERT INTO `addons` (`id`, `name`, `deleted_at`, `created_at`, `updated_at`) VALUES
(1, 'White Board', NULL, '2022-03-14 07:40:41', '2022-03-14 07:40:41');

-- --------------------------------------------------------

--
-- Table structure for table `attributes`
--

CREATE TABLE `attributes` (
  `id` bigint(20) UNSIGNED NOT NULL,
  `name` varchar(255) COLLATE utf8mb4_unicode_ci NOT NULL,
  `deleted_at` timestamp NULL DEFAULT NULL,
  `created_at` timestamp NULL DEFAULT NULL,
  `updated_at` timestamp NULL DEFAULT NULL
) ENGINE=InnoDB DEFAULT CHARSET=utf8mb4 COLLATE=utf8mb4_unicode_ci;

-- --------------------------------------------------------

--
-- Table structure for table `failed_jobs`
--

CREATE TABLE `failed_jobs` (
  `id` bigint(20) UNSIGNED NOT NULL,
  `uuid` varchar(255) COLLATE utf8mb4_unicode_ci NOT NULL,
  `connection` text COLLATE utf8mb4_unicode_ci NOT NULL,
  `queue` text COLLATE utf8mb4_unicode_ci NOT NULL,
  `payload` longtext COLLATE utf8mb4_unicode_ci NOT NULL,
  `exception` longtext COLLATE utf8mb4_unicode_ci NOT NULL,
  `failed_at` timestamp NOT NULL DEFAULT current_timestamp()
) ENGINE=InnoDB DEFAULT CHARSET=utf8mb4 COLLATE=utf8mb4_unicode_ci;

-- --------------------------------------------------------

--
-- Table structure for table `migrations`
--

CREATE TABLE `migrations` (
  `id` int(10) UNSIGNED NOT NULL,
  `migration` varchar(255) COLLATE utf8mb4_unicode_ci NOT NULL,
  `batch` int(11) NOT NULL
) ENGINE=InnoDB DEFAULT CHARSET=utf8mb4 COLLATE=utf8mb4_unicode_ci;

--
-- Dumping data for table `migrations`
--

INSERT INTO `migrations` (`id`, `migration`, `batch`) VALUES
(721, '2014_10_10_190349_create_user_levels_table', 1),
(722, '2014_10_11_212527_create_providers_table', 1),
(723, '2014_10_12_000000_create_users_table', 1),
(724, '2014_10_12_100000_create_password_resets_table', 1),
(725, '2019_08_19_000000_create_failed_jobs_table', 1),
(726, '2019_12_14_000001_create_personal_access_tokens_table', 1),
(727, '2022_02_15_212053_create_addons_table', 1),
(728, '2022_02_15_212539_create_work_space_types_table', 1),
(729, '2022_02_15_212618_create_work_spaces_table', 1),
(730, '2022_02_16_212015_create_work_space_addons_table', 1),
(731, '2022_02_17_211830_create_services_table', 1),
(732, '2022_02_17_211831_create_work_space_services_table', 1),
(733, '2022_02_17_211941_create_workers_table', 1),
(734, '2022_02_17_212113_create_rent_types_table', 1),
(735, '2022_02_17_212114_create_pricings_table', 1),
(736, '2022_02_17_212506_create_policies_table', 1),
(737, '2022_02_17_212549_create_attributes_table', 1),
(738, '2022_02_17_212550_create_provider_attributes_table', 1),
(739, '2022_02_19_185206_create_permission_tables', 1),
(740, '2022_03_01_072920_add_provider_col_id', 1);

-- --------------------------------------------------------

--
-- Table structure for table `model_has_permissions`
--

CREATE TABLE `model_has_permissions` (
  `permission_id` bigint(20) UNSIGNED NOT NULL,
  `model_type` varchar(255) COLLATE utf8mb4_unicode_ci NOT NULL,
  `model_id` bigint(20) UNSIGNED NOT NULL
) ENGINE=InnoDB DEFAULT CHARSET=utf8mb4 COLLATE=utf8mb4_unicode_ci;

-- --------------------------------------------------------

--
-- Table structure for table `model_has_roles`
--

CREATE TABLE `model_has_roles` (
  `role_id` bigint(20) UNSIGNED NOT NULL,
  `model_type` varchar(255) COLLATE utf8mb4_unicode_ci NOT NULL,
  `model_id` bigint(20) UNSIGNED NOT NULL
) ENGINE=InnoDB DEFAULT CHARSET=utf8mb4 COLLATE=utf8mb4_unicode_ci;

--
-- Dumping data for table `model_has_roles`
--

INSERT INTO `model_has_roles` (`role_id`, `model_type`, `model_id`) VALUES
(1, 'App\\Models\\User', 6),
(2, 'App\\Models\\User', 1);

-- --------------------------------------------------------

--
-- Table structure for table `password_resets`
--

CREATE TABLE `password_resets` (
  `email` varchar(255) COLLATE utf8mb4_unicode_ci NOT NULL,
  `token` varchar(255) COLLATE utf8mb4_unicode_ci NOT NULL,
  `created_at` timestamp NULL DEFAULT NULL
) ENGINE=InnoDB DEFAULT CHARSET=utf8mb4 COLLATE=utf8mb4_unicode_ci;

-- --------------------------------------------------------

--
-- Table structure for table `permissions`
--

CREATE TABLE `permissions` (
  `id` bigint(20) UNSIGNED NOT NULL,
  `name` varchar(255) COLLATE utf8mb4_unicode_ci NOT NULL,
  `guard_name` varchar(255) COLLATE utf8mb4_unicode_ci NOT NULL,
  `created_at` timestamp NULL DEFAULT NULL,
  `updated_at` timestamp NULL DEFAULT NULL
) ENGINE=InnoDB DEFAULT CHARSET=utf8mb4 COLLATE=utf8mb4_unicode_ci;

--
-- Dumping data for table `permissions`
--

INSERT INTO `permissions` (`id`, `name`, `guard_name`, `created_at`, `updated_at`) VALUES
(1, 'user_management_access', 'web', '2022-03-14 07:40:40', '2022-03-14 07:40:40'),
(2, 'permission_create', 'web', '2022-03-14 07:40:40', '2022-03-14 07:40:40'),
(3, 'permission_edit', 'web', '2022-03-14 07:40:40', '2022-03-14 07:40:40'),
(4, 'permission_show', 'web', '2022-03-14 07:40:40', '2022-03-14 07:40:40'),
(5, 'permission_delete', 'web', '2022-03-14 07:40:40', '2022-03-14 07:40:40'),
(6, 'permission_access', 'web', '2022-03-14 07:40:40', '2022-03-14 07:40:40'),
(7, 'role_create', 'web', '2022-03-14 07:40:40', '2022-03-14 07:40:40'),
(8, 'role_show', 'web', '2022-03-14 07:40:40', '2022-03-14 07:40:40'),
(9, 'role_delete', 'web', '2022-03-14 07:40:40', '2022-03-14 07:40:40'),
(10, 'role_access', 'web', '2022-03-14 07:40:40', '2022-03-14 07:40:40'),
(11, 'provider_create', 'web', '2022-03-14 07:40:41', '2022-03-14 07:40:41'),
(12, 'provider_edit', 'web', '2022-03-14 07:40:41', '2022-03-14 07:40:41'),
(13, 'provider_show', 'web', '2022-03-14 07:40:41', '2022-03-14 07:40:41'),
(14, 'provider_delete', 'web', '2022-03-14 07:40:41', '2022-03-14 07:40:41'),
(15, 'provider_access', 'web', '2022-03-14 07:40:41', '2022-03-14 07:40:41'),
(16, 'workspace_create', 'web', '2022-03-14 07:40:41', '2022-03-14 07:40:41'),
(17, 'workspace_edit', 'web', '2022-03-14 07:40:41', '2022-03-14 07:40:41'),
(18, 'workspace_show', 'web', '2022-03-14 07:40:41', '2022-03-14 07:40:41'),
(19, 'workspace_delete', 'web', '2022-03-14 07:40:41', '2022-03-14 07:40:41'),
(20, 'workspace_access', 'web', '2022-03-14 07:40:41', '2022-03-14 07:40:41'),
(21, 'policies_create', 'web', '2022-03-14 07:40:41', '2022-03-14 07:40:41'),
(22, 'policies_edit', 'web', '2022-03-14 07:40:41', '2022-03-14 07:40:41'),
(23, 'policies_show', 'web', '2022-03-14 07:40:41', '2022-03-14 07:40:41'),
(24, 'policies_delete', 'web', '2022-03-14 07:40:41', '2022-03-14 07:40:41'),
(25, 'policies_access', 'web', '2022-03-14 07:40:41', '2022-03-14 07:40:41'),
(26, 'worker_create', 'web', '2022-03-14 07:40:41', '2022-03-14 07:40:41'),
(27, 'worker_edit', 'web', '2022-03-14 07:40:41', '2022-03-14 07:40:41'),
(28, 'worker_show', 'web', '2022-03-14 07:40:41', '2022-03-14 07:40:41'),
(29, 'worker_delete', 'web', '2022-03-14 07:40:41', '2022-03-14 07:40:41'),
(30, 'worker_access', 'web', '2022-03-14 07:40:41', '2022-03-14 07:40:41'),
(31, 'user_edit', 'web', '2022-03-14 07:40:41', '2022-03-14 07:40:41'),
(32, 'user_delete', 'web', '2022-03-14 07:40:41', '2022-03-14 07:40:41'),
(33, 'user_show', 'web', '2022-03-14 07:40:41', '2022-03-14 07:40:41'),
(34, 'user_create', 'web', '2022-03-14 07:40:41', '2022-03-14 07:40:41'),
(35, 'services_show', 'web', '2022-03-14 07:40:41', '2022-03-14 07:40:41'),
(36, 'pricing_show', 'web', '2022-03-14 07:40:41', '2022-03-14 07:40:41'),
(37, 'addons_show', 'web', '2022-03-14 07:40:41', '2022-03-14 07:40:41'),
(38, 'services_access', 'web', '2022-03-14 07:40:41', '2022-03-14 07:40:41'),
(39, 'pricing_access', 'web', '2022-03-14 07:40:41', '2022-03-14 07:40:41'),
(40, 'addons_access', 'web', '2022-03-14 07:40:41', '2022-03-14 07:40:41');

-- --------------------------------------------------------

--
-- Table structure for table `personal_access_tokens`
--

CREATE TABLE `personal_access_tokens` (
  `id` bigint(20) UNSIGNED NOT NULL,
  `tokenable_type` varchar(255) COLLATE utf8mb4_unicode_ci NOT NULL,
  `tokenable_id` bigint(20) UNSIGNED NOT NULL,
  `name` varchar(255) COLLATE utf8mb4_unicode_ci NOT NULL,
  `token` varchar(64) COLLATE utf8mb4_unicode_ci NOT NULL,
  `abilities` text COLLATE utf8mb4_unicode_ci DEFAULT NULL,
  `last_used_at` timestamp NULL DEFAULT NULL,
  `created_at` timestamp NULL DEFAULT NULL,
  `updated_at` timestamp NULL DEFAULT NULL
) ENGINE=InnoDB DEFAULT CHARSET=utf8mb4 COLLATE=utf8mb4_unicode_ci;

-- --------------------------------------------------------

--
-- Table structure for table `policies`
--

CREATE TABLE `policies` (
  `id` bigint(20) UNSIGNED NOT NULL,
  `title` varchar(255) COLLATE utf8mb4_unicode_ci NOT NULL,
  `body` longtext COLLATE utf8mb4_unicode_ci NOT NULL,
  `provider_id` bigint(20) UNSIGNED NOT NULL,
  `deleted_at` timestamp NULL DEFAULT NULL,
  `created_at` timestamp NULL DEFAULT NULL,
  `updated_at` timestamp NULL DEFAULT NULL
) ENGINE=InnoDB DEFAULT CHARSET=utf8mb4 COLLATE=utf8mb4_unicode_ci;

--
-- Dumping data for table `policies`
--

INSERT INTO `policies` (`id`, `title`, `body`, `provider_id`, `deleted_at`, `created_at`, `updated_at`) VALUES
(1, 'Code of conduct', 'A code of conduct is a common policy found in most businesses. It is a set of rules that companies expect employees to follow. The rules establish the expected behavioural standards for all employees. A code of conduct policy may cover the following: Attendance and absence,Employee behaviour', 1, NULL, '2022-03-14 07:40:41', '2022-03-14 07:40:41'),
(2, 'Recruitment policy', 'A recruitment policy outlines how the company hires new people. It outlines the hiring process and aims to promote consistency in the recruitment process. Its an important document for employees to access. It may cover the following things:Internal and external hiring preferences,Equal opportunity and anti-discrimination', 1, NULL, '2022-03-14 07:40:41', '2022-03-14 07:40:41'),
(3, 'Internet and email policy', 'This policy outlines how companies expect employees to use their email accounts and the internet. It helps to save time and promote efficiency. It also sets up procedures to minimise risk, which is especially important for secure networks. An internet and email policy may cover the following things:Internet access rules,Appropriate online usage', 2, NULL, '2022-03-14 07:40:41', '2022-03-14 07:40:41');

-- --------------------------------------------------------

--
-- Table structure for table `pricings`
--

CREATE TABLE `pricings` (
  `id` bigint(20) UNSIGNED NOT NULL,
  `price` double NOT NULL,
  `work_space_id` bigint(20) UNSIGNED NOT NULL,
  `rent_type_id` bigint(20) UNSIGNED NOT NULL,
  `deleted_at` timestamp NULL DEFAULT NULL,
  `created_at` timestamp NULL DEFAULT NULL,
  `updated_at` timestamp NULL DEFAULT NULL
) ENGINE=InnoDB DEFAULT CHARSET=utf8mb4 COLLATE=utf8mb4_unicode_ci;

--
-- Dumping data for table `pricings`
--

INSERT INTO `pricings` (`id`, `price`, `work_space_id`, `rent_type_id`, `deleted_at`, `created_at`, `updated_at`) VALUES
(1, 100, 1, 1, NULL, '2022-03-14 07:40:41', '2022-03-14 07:40:41'),
(2, 500, 1, 2, NULL, '2022-03-14 07:40:41', '2022-03-14 07:40:41');

-- --------------------------------------------------------

--
-- Table structure for table `providers`
--

CREATE TABLE `providers` (
  `id` bigint(20) UNSIGNED NOT NULL,
  `name` varchar(255) COLLATE utf8mb4_unicode_ci NOT NULL,
  `owner_name` varchar(255) COLLATE utf8mb4_unicode_ci NOT NULL,
  `address` varchar(255) COLLATE utf8mb4_unicode_ci NOT NULL,
  `logo` varchar(255) COLLATE utf8mb4_unicode_ci DEFAULT NULL,
  `deleted_at` timestamp NULL DEFAULT NULL,
  `created_at` timestamp NULL DEFAULT NULL,
  `updated_at` timestamp NULL DEFAULT NULL
) ENGINE=InnoDB DEFAULT CHARSET=utf8mb4 COLLATE=utf8mb4_unicode_ci;

--
-- Dumping data for table `providers`
--

INSERT INTO `providers` (`id`, `name`, `owner_name`, `address`, `logo`, `deleted_at`, `created_at`, `updated_at`) VALUES
(1, 'provider name', 'owner', 'Gaza', '/providers/kGAcCMoaZ3vGHgQzAf2wI9DBToPFt1l8uWqKrblH.jpg', NULL, '2022-03-14 07:40:40', '2022-03-14 07:40:40'),
(2, 'Test provider name', 'owner', 'Gaza', '/providers/J6KNTtcvZJkB9UNI8B5Vd2pMYNbYUzAwSF6eAOOq.jpg', NULL, '2022-03-14 07:40:40', '2022-03-14 07:40:40');

-- --------------------------------------------------------

--
-- Table structure for table `provider_attributes`
--

CREATE TABLE `provider_attributes` (
  `id` bigint(20) UNSIGNED NOT NULL,
  `value` varchar(255) COLLATE utf8mb4_unicode_ci NOT NULL,
  `provider_id` bigint(20) UNSIGNED NOT NULL,
  `attribute_id` bigint(20) UNSIGNED NOT NULL,
  `deleted_at` timestamp NULL DEFAULT NULL,
  `created_at` timestamp NULL DEFAULT NULL,
  `updated_at` timestamp NULL DEFAULT NULL
) ENGINE=InnoDB DEFAULT CHARSET=utf8mb4 COLLATE=utf8mb4_unicode_ci;

-- --------------------------------------------------------

--
-- Table structure for table `rent_types`
--

CREATE TABLE `rent_types` (
  `id` bigint(20) UNSIGNED NOT NULL,
  `type` enum('Monthly','by the hour') COLLATE utf8mb4_unicode_ci NOT NULL,
  `deleted_at` timestamp NULL DEFAULT NULL,
  `created_at` timestamp NULL DEFAULT NULL,
  `updated_at` timestamp NULL DEFAULT NULL
) ENGINE=InnoDB DEFAULT CHARSET=utf8mb4 COLLATE=utf8mb4_unicode_ci;

--
-- Dumping data for table `rent_types`
--

INSERT INTO `rent_types` (`id`, `type`, `deleted_at`, `created_at`, `updated_at`) VALUES
(1, 'Monthly', NULL, '2022-03-14 07:40:41', '2022-03-14 07:40:41'),
(2, 'by the hour', NULL, '2022-03-14 07:40:41', '2022-03-14 07:40:41');

-- --------------------------------------------------------

--
-- Table structure for table `roles`
--

CREATE TABLE `roles` (
  `id` bigint(20) UNSIGNED NOT NULL,
  `name` varchar(255) COLLATE utf8mb4_unicode_ci NOT NULL,
  `user_level_id` bigint(20) UNSIGNED NOT NULL,
  `provider_id` bigint(20) UNSIGNED DEFAULT NULL,
  `guard_name` varchar(255) COLLATE utf8mb4_unicode_ci NOT NULL,
  `created_at` timestamp NULL DEFAULT NULL,
  `updated_at` timestamp NULL DEFAULT NULL,
  `deleted_at` timestamp NULL DEFAULT NULL
) ENGINE=InnoDB DEFAULT CHARSET=utf8mb4 COLLATE=utf8mb4_unicode_ci;

--
-- Dumping data for table `roles`
--

INSERT INTO `roles` (`id`, `name`, `user_level_id`, `provider_id`, `guard_name`, `created_at`, `updated_at`, `deleted_at`) VALUES
(1, 'Provider', 2, 1, 'web', '2022-03-14 07:40:41', '2022-03-14 07:40:41', NULL),
(2, 'Admin', 1, NULL, 'web', '2022-03-14 07:40:41', '2022-03-14 07:40:41', NULL),
(3, 'Test Provider', 2, 2, 'web', '2022-03-14 07:40:41', '2022-03-14 07:40:41', NULL);

-- --------------------------------------------------------

--
-- Table structure for table `role_has_permissions`
--

CREATE TABLE `role_has_permissions` (
  `permission_id` bigint(20) UNSIGNED NOT NULL,
  `role_id` bigint(20) UNSIGNED NOT NULL
) ENGINE=InnoDB DEFAULT CHARSET=utf8mb4 COLLATE=utf8mb4_unicode_ci;

--
-- Dumping data for table `role_has_permissions`
--

INSERT INTO `role_has_permissions` (`permission_id`, `role_id`) VALUES
(6, 2),
(7, 2),
(8, 2),
(9, 2),
(10, 2),
(11, 2),
(12, 1),
(12, 2),
(13, 2),
(14, 2),
(15, 1),
(16, 1),
(16, 2),
(16, 3),
(17, 1),
(17, 2),
(18, 1),
(18, 2),
(18, 3),
(19, 1),
(19, 2),
(19, 3),
(20, 1),
(20, 2),
(20, 3),
(21, 1),
(22, 1),
(23, 1),
(24, 1),
(25, 1),
(26, 1),
(27, 1),
(28, 1),
(28, 2),
(29, 1),
(30, 1),
(30, 2),
(31, 2),
(32, 2),
(33, 2),
(34, 2),
(35, 2),
(36, 2),
(37, 2),
(38, 1),
(39, 1),
(40, 1);

-- --------------------------------------------------------

--
-- Table structure for table `services`
--

CREATE TABLE `services` (
  `id` bigint(20) UNSIGNED NOT NULL,
  `name` varchar(255) COLLATE utf8mb4_unicode_ci NOT NULL,
  `deleted_at` timestamp NULL DEFAULT NULL,
  `created_at` timestamp NULL DEFAULT NULL,
  `updated_at` timestamp NULL DEFAULT NULL
) ENGINE=InnoDB DEFAULT CHARSET=utf8mb4 COLLATE=utf8mb4_unicode_ci;

--
-- Dumping data for table `services`
--

INSERT INTO `services` (`id`, `name`, `deleted_at`, `created_at`, `updated_at`) VALUES
(1, '5G WiFi', NULL, '2022-03-14 07:40:41', '2022-03-14 07:40:41');

-- --------------------------------------------------------

--
-- Table structure for table `users`
--

CREATE TABLE `users` (
  `id` bigint(20) UNSIGNED NOT NULL,
  `full_name` varchar(255) COLLATE utf8mb4_unicode_ci NOT NULL,
  `email` varchar(255) COLLATE utf8mb4_unicode_ci NOT NULL,
  `email_verified_at` timestamp NULL DEFAULT NULL,
  `password` varchar(255) COLLATE utf8mb4_unicode_ci NOT NULL,
  `phone` int(11) NOT NULL,
  `type` enum('admin','provider') COLLATE utf8mb4_unicode_ci NOT NULL,
  `user_level_id` bigint(20) UNSIGNED NOT NULL,
  `provider_id` bigint(20) UNSIGNED DEFAULT NULL,
  `remember_token` varchar(100) COLLATE utf8mb4_unicode_ci DEFAULT NULL,
  `deleted_at` timestamp NULL DEFAULT NULL,
  `created_at` timestamp NULL DEFAULT NULL,
  `updated_at` timestamp NULL DEFAULT NULL
) ENGINE=InnoDB DEFAULT CHARSET=utf8mb4 COLLATE=utf8mb4_unicode_ci;

--
-- Dumping data for table `users`
--

INSERT INTO `users` (`id`, `full_name`, `email`, `email_verified_at`, `password`, `phone`, `type`, `user_level_id`, `provider_id`, `remember_token`, `deleted_at`, `created_at`, `updated_at`) VALUES
(1, 'Admin', 'admin@admin.com', NULL, '$2y$10$L3BbNDIY1IFY0dG1s5Tk5eF0YyyCxzhijoTl4s69lGQSbdQXHJBqq', 567013637, 'admin', 1, NULL, NULL, NULL, '2022-03-14 07:40:40', '2022-03-14 07:40:40'),
(2, 'Dina Akila', 'dinashadiakeela@gmail.com', NULL, '$2y$10$ZnjREWF6784JHRuIe/Bf3e28v/h6D9QMsB88cuyQ6YozT1HB3YNYG', 597505581, 'admin', 1, NULL, NULL, NULL, '2022-03-14 07:40:40', '2022-03-14 07:40:40'),
(3, 'Eman Elessi', 'hanieman86@gmail.com', NULL, '$2y$10$k186ldUaJLUzLOtzDUt9OebiopoGBr4IphU9PZWy8VZivprLyR85a', 599174952, 'admin', 1, NULL, NULL, NULL, '2022-03-14 07:40:40', '2022-03-14 07:40:40'),
(4, 'Jumana Shawwa', 'jumanashawwa1@gmail.com', NULL, '$2y$10$a7Z4bN66Uaz3TzEzC8tq/O/HNz2gYdWVCv/9HvaeGs616BDOYg7au', 595866320, 'admin', 1, NULL, NULL, NULL, '2022-03-14 07:40:40', '2022-03-14 07:40:40'),
(5, 'Dalia Marouf', 'dalia.5.6.2000@gmail.com', NULL, '$2y$10$W3z2S/VZt/GZr1SqJlnbCOMEqvKnaHEf8tilUflMm07XiBnSoj1AC', 592072589, 'admin', 1, NULL, NULL, NULL, '2022-03-14 07:40:40', '2022-03-14 07:40:40'),
(6, 'Provider', 'provider@gmail.com', NULL, '$2y$10$wCotj5mW2pBzEpwSfWDwQ.hwfgIuIimLRIJPGuRCYrIG4VBKcrFP.', 567013637, 'provider', 2, 1, NULL, NULL, '2022-03-14 07:40:40', '2022-03-14 07:40:40'),
(7, 'Test Provider', 'testprovider@gmail.com', NULL, '$2y$10$EVtyf/SGEhaHgP/PeA4zcuDSPWLu.YYzYTcFfIdmOvowsNYCOw0Ym', 599717329, 'provider', 2, 2, NULL, NULL, '2022-03-14 07:40:40', '2022-03-14 07:40:40');

-- --------------------------------------------------------

--
-- Table structure for table `user_levels`
--

CREATE TABLE `user_levels` (
  `id` bigint(20) UNSIGNED NOT NULL,
  `name` varchar(255) COLLATE utf8mb4_unicode_ci NOT NULL,
  `deleted_at` timestamp NULL DEFAULT NULL,
  `created_at` timestamp NULL DEFAULT NULL,
  `updated_at` timestamp NULL DEFAULT NULL
) ENGINE=InnoDB DEFAULT CHARSET=utf8mb4 COLLATE=utf8mb4_unicode_ci;

--
-- Dumping data for table `user_levels`
--

INSERT INTO `user_levels` (`id`, `name`, `deleted_at`, `created_at`, `updated_at`) VALUES
(1, 'Admin', NULL, '2022-03-14 07:40:40', '2022-03-14 07:40:40'),
(2, 'Provider', NULL, '2022-03-14 07:40:40', '2022-03-14 07:40:40');

-- --------------------------------------------------------

--
-- Table structure for table `workers`
--

CREATE TABLE `workers` (
  `id` bigint(20) UNSIGNED NOT NULL,
  `name` varchar(255) COLLATE utf8mb4_unicode_ci NOT NULL,
  `job_title` varchar(255) COLLATE utf8mb4_unicode_ci NOT NULL,
  `avatar` varchar(255) COLLATE utf8mb4_unicode_ci NOT NULL,
  `you_did` varchar(255) COLLATE utf8mb4_unicode_ci NOT NULL,
  `work_space_id` bigint(20) UNSIGNED NOT NULL,
  `deleted_at` timestamp NULL DEFAULT NULL,
  `created_at` timestamp NULL DEFAULT NULL,
  `updated_at` timestamp NULL DEFAULT NULL
) ENGINE=InnoDB DEFAULT CHARSET=utf8mb4 COLLATE=utf8mb4_unicode_ci;

--
-- Dumping data for table `workers`
--

INSERT INTO `workers` (`id`, `name`, `job_title`, `avatar`, `you_did`, `work_space_id`, `deleted_at`, `created_at`, `updated_at`) VALUES
(1, 'John', 'Developer', '/providers/kGAcCMoaZ3vGHgQzAf2wI9DBToPFt1l8uWqKrblH.jpg', 'yes', 1, NULL, '2022-03-14 07:40:41', '2022-03-14 07:40:41'),
(2, 'Yara', 'Designer', '/providers/J6KNTtcvZJkB9UNI8B5Vd2pMYNbYUzAwSF6eAOOq.jpg', 'no', 2, NULL, '2022-03-14 07:40:41', '2022-03-14 07:40:41');

-- --------------------------------------------------------

--
-- Table structure for table `work_spaces`
--

CREATE TABLE `work_spaces` (
  `id` bigint(20) UNSIGNED NOT NULL,
  `capacity` int(11) NOT NULL,
  `work_space_type_id` bigint(20) UNSIGNED NOT NULL,
  `provider_id` bigint(20) UNSIGNED NOT NULL,
  `deleted_at` timestamp NULL DEFAULT NULL,
  `created_at` timestamp NULL DEFAULT NULL,
  `updated_at` timestamp NULL DEFAULT NULL
) ENGINE=InnoDB DEFAULT CHARSET=utf8mb4 COLLATE=utf8mb4_unicode_ci;

--
-- Dumping data for table `work_spaces`
--

INSERT INTO `work_spaces` (`id`, `capacity`, `work_space_type_id`, `provider_id`, `deleted_at`, `created_at`, `updated_at`) VALUES
(1, 9, 1, 1, NULL, '2022-03-14 07:40:41', '2022-03-14 07:40:41'),
(2, 3, 3, 2, NULL, '2022-03-14 07:40:41', '2022-03-14 07:40:41');

-- --------------------------------------------------------

--
-- Table structure for table `work_space_addons`
--

CREATE TABLE `work_space_addons` (
  `id` bigint(20) UNSIGNED NOT NULL,
  `value` varchar(255) COLLATE utf8mb4_unicode_ci NOT NULL,
  `work_space_id` bigint(20) UNSIGNED NOT NULL,
  `addon_id` bigint(20) UNSIGNED NOT NULL,
  `deleted_at` timestamp NULL DEFAULT NULL,
  `created_at` timestamp NULL DEFAULT NULL,
  `updated_at` timestamp NULL DEFAULT NULL
) ENGINE=InnoDB DEFAULT CHARSET=utf8mb4 COLLATE=utf8mb4_unicode_ci;

--
-- Dumping data for table `work_space_addons`
--

INSERT INTO `work_space_addons` (`id`, `value`, `work_space_id`, `addon_id`, `deleted_at`, `created_at`, `updated_at`) VALUES
(1, '10', 1, 1, NULL, '2022-03-14 07:40:41', '2022-03-14 07:40:41');

-- --------------------------------------------------------

--
-- Table structure for table `work_space_services`
--

CREATE TABLE `work_space_services` (
  `id` bigint(20) UNSIGNED NOT NULL,
  `value` varchar(255) COLLATE utf8mb4_unicode_ci NOT NULL,
  `work_space_id` bigint(20) UNSIGNED NOT NULL,
  `service_id` bigint(20) UNSIGNED NOT NULL,
  `deleted_at` timestamp NULL DEFAULT NULL,
  `created_at` timestamp NULL DEFAULT NULL,
  `updated_at` timestamp NULL DEFAULT NULL
) ENGINE=InnoDB DEFAULT CHARSET=utf8mb4 COLLATE=utf8mb4_unicode_ci;

--
-- Dumping data for table `work_space_services`
--

INSERT INTO `work_space_services` (`id`, `value`, `work_space_id`, `service_id`, `deleted_at`, `created_at`, `updated_at`) VALUES
(1, '10', 1, 1, NULL, '2022-03-14 07:40:41', '2022-03-14 07:40:41');

-- --------------------------------------------------------

--
-- Table structure for table `work_space_types`
--

CREATE TABLE `work_space_types` (
  `id` bigint(20) UNSIGNED NOT NULL,
  `type` enum('Office in a common room','closed room','Meetings room','Skype room') COLLATE utf8mb4_unicode_ci NOT NULL,
  `deleted_at` timestamp NULL DEFAULT NULL,
  `created_at` timestamp NULL DEFAULT NULL,
  `updated_at` timestamp NULL DEFAULT NULL
) ENGINE=InnoDB DEFAULT CHARSET=utf8mb4 COLLATE=utf8mb4_unicode_ci;

--
-- Dumping data for table `work_space_types`
--

INSERT INTO `work_space_types` (`id`, `type`, `deleted_at`, `created_at`, `updated_at`) VALUES
(1, 'Office in a common room', NULL, '2022-03-14 07:40:41', '2022-03-14 07:40:41'),
(2, 'closed room', NULL, '2022-03-14 07:40:41', '2022-03-14 07:40:41'),
(3, 'Meetings room', NULL, '2022-03-14 07:40:41', '2022-03-14 07:40:41'),
(4, 'Skype room', NULL, '2022-03-14 07:40:41', '2022-03-14 07:40:41');

--
-- Indexes for dumped tables
--

--
-- Indexes for table `addons`
--
ALTER TABLE `addons`
  ADD PRIMARY KEY (`id`);

--
-- Indexes for table `attributes`
--
ALTER TABLE `attributes`
  ADD PRIMARY KEY (`id`);

--
-- Indexes for table `failed_jobs`
--
ALTER TABLE `failed_jobs`
  ADD PRIMARY KEY (`id`),
  ADD UNIQUE KEY `failed_jobs_uuid_unique` (`uuid`);

--
-- Indexes for table `migrations`
--
ALTER TABLE `migrations`
  ADD PRIMARY KEY (`id`);

--
-- Indexes for table `model_has_permissions`
--
ALTER TABLE `model_has_permissions`
  ADD PRIMARY KEY (`permission_id`,`model_id`,`model_type`),
  ADD KEY `model_has_permissions_model_id_model_type_index` (`model_id`,`model_type`);

--
-- Indexes for table `model_has_roles`
--
ALTER TABLE `model_has_roles`
  ADD PRIMARY KEY (`role_id`,`model_id`,`model_type`),
  ADD KEY `model_has_roles_model_id_model_type_index` (`model_id`,`model_type`);

--
-- Indexes for table `password_resets`
--
ALTER TABLE `password_resets`
  ADD KEY `password_resets_email_index` (`email`);

--
-- Indexes for table `permissions`
--
ALTER TABLE `permissions`
  ADD PRIMARY KEY (`id`),
  ADD UNIQUE KEY `permissions_name_guard_name_unique` (`name`,`guard_name`);

--
-- Indexes for table `personal_access_tokens`
--
ALTER TABLE `personal_access_tokens`
  ADD PRIMARY KEY (`id`),
  ADD UNIQUE KEY `personal_access_tokens_token_unique` (`token`),
  ADD KEY `personal_access_tokens_tokenable_type_tokenable_id_index` (`tokenable_type`,`tokenable_id`);

--
-- Indexes for table `policies`
--
ALTER TABLE `policies`
  ADD PRIMARY KEY (`id`),
  ADD KEY `policies_provider_id_foreign` (`provider_id`);

--
-- Indexes for table `pricings`
--
ALTER TABLE `pricings`
  ADD PRIMARY KEY (`id`),
  ADD KEY `pricings_work_space_id_foreign` (`work_space_id`),
  ADD KEY `pricings_rent_type_id_foreign` (`rent_type_id`);

--
-- Indexes for table `providers`
--
ALTER TABLE `providers`
  ADD PRIMARY KEY (`id`);

--
-- Indexes for table `provider_attributes`
--
ALTER TABLE `provider_attributes`
  ADD PRIMARY KEY (`id`),
  ADD KEY `provider_attributes_provider_id_foreign` (`provider_id`),
  ADD KEY `provider_attributes_attribute_id_foreign` (`attribute_id`);

--
-- Indexes for table `rent_types`
--
ALTER TABLE `rent_types`
  ADD PRIMARY KEY (`id`);

--
-- Indexes for table `roles`
--
ALTER TABLE `roles`
  ADD PRIMARY KEY (`id`),
  ADD UNIQUE KEY `roles_name_guard_name_unique` (`name`,`guard_name`),
  ADD KEY `roles_provider_id_foreign` (`provider_id`),
  ADD KEY `roles_user_level_id_foreign` (`user_level_id`);

--
-- Indexes for table `role_has_permissions`
--
ALTER TABLE `role_has_permissions`
  ADD PRIMARY KEY (`permission_id`,`role_id`),
  ADD KEY `role_has_permissions_role_id_foreign` (`role_id`);

--
-- Indexes for table `services`
--
ALTER TABLE `services`
  ADD PRIMARY KEY (`id`);

--
-- Indexes for table `users`
--
ALTER TABLE `users`
  ADD PRIMARY KEY (`id`),
  ADD UNIQUE KEY `users_email_unique` (`email`),
  ADD KEY `users_user_level_id_foreign` (`user_level_id`),
  ADD KEY `users_provider_id_foreign` (`provider_id`);

--
-- Indexes for table `user_levels`
--
ALTER TABLE `user_levels`
  ADD PRIMARY KEY (`id`);

--
-- Indexes for table `workers`
--
ALTER TABLE `workers`
  ADD PRIMARY KEY (`id`),
  ADD KEY `workers_work_space_id_foreign` (`work_space_id`);

--
-- Indexes for table `work_spaces`
--
ALTER TABLE `work_spaces`
  ADD PRIMARY KEY (`id`),
  ADD KEY `work_spaces_work_space_type_id_foreign` (`work_space_type_id`),
  ADD KEY `work_spaces_provider_id_foreign` (`provider_id`);

--
-- Indexes for table `work_space_addons`
--
ALTER TABLE `work_space_addons`
  ADD PRIMARY KEY (`id`),
  ADD KEY `work_space_addons_work_space_id_foreign` (`work_space_id`),
  ADD KEY `work_space_addons_addon_id_foreign` (`addon_id`);

--
-- Indexes for table `work_space_services`
--
ALTER TABLE `work_space_services`
  ADD PRIMARY KEY (`id`),
  ADD KEY `work_space_services_work_space_id_foreign` (`work_space_id`),
  ADD KEY `work_space_services_service_id_foreign` (`service_id`);

--
-- Indexes for table `work_space_types`
--
ALTER TABLE `work_space_types`
  ADD PRIMARY KEY (`id`);

--
-- AUTO_INCREMENT for dumped tables
--

--
-- AUTO_INCREMENT for table `addons`
--
ALTER TABLE `addons`
  MODIFY `id` bigint(20) UNSIGNED NOT NULL AUTO_INCREMENT, AUTO_INCREMENT=2;

--
-- AUTO_INCREMENT for table `attributes`
--
ALTER TABLE `attributes`
  MODIFY `id` bigint(20) UNSIGNED NOT NULL AUTO_INCREMENT;

--
-- AUTO_INCREMENT for table `failed_jobs`
--
ALTER TABLE `failed_jobs`
  MODIFY `id` bigint(20) UNSIGNED NOT NULL AUTO_INCREMENT;

--
-- AUTO_INCREMENT for table `migrations`
--
ALTER TABLE `migrations`
  MODIFY `id` int(10) UNSIGNED NOT NULL AUTO_INCREMENT, AUTO_INCREMENT=741;

--
-- AUTO_INCREMENT for table `permissions`
--
ALTER TABLE `permissions`
  MODIFY `id` bigint(20) UNSIGNED NOT NULL AUTO_INCREMENT, AUTO_INCREMENT=41;

--
-- AUTO_INCREMENT for table `personal_access_tokens`
--
ALTER TABLE `personal_access_tokens`
  MODIFY `id` bigint(20) UNSIGNED NOT NULL AUTO_INCREMENT;

--
-- AUTO_INCREMENT for table `policies`
--
ALTER TABLE `policies`
  MODIFY `id` bigint(20) UNSIGNED NOT NULL AUTO_INCREMENT, AUTO_INCREMENT=4;

--
-- AUTO_INCREMENT for table `pricings`
--
ALTER TABLE `pricings`
  MODIFY `id` bigint(20) UNSIGNED NOT NULL AUTO_INCREMENT, AUTO_INCREMENT=3;

--
-- AUTO_INCREMENT for table `providers`
--
ALTER TABLE `providers`
  MODIFY `id` bigint(20) UNSIGNED NOT NULL AUTO_INCREMENT, AUTO_INCREMENT=3;

--
-- AUTO_INCREMENT for table `provider_attributes`
--
ALTER TABLE `provider_attributes`
  MODIFY `id` bigint(20) UNSIGNED NOT NULL AUTO_INCREMENT;

--
-- AUTO_INCREMENT for table `rent_types`
--
ALTER TABLE `rent_types`
  MODIFY `id` bigint(20) UNSIGNED NOT NULL AUTO_INCREMENT, AUTO_INCREMENT=3;

--
-- AUTO_INCREMENT for table `roles`
--
ALTER TABLE `roles`
  MODIFY `id` bigint(20) UNSIGNED NOT NULL AUTO_INCREMENT, AUTO_INCREMENT=4;

--
-- AUTO_INCREMENT for table `services`
--
ALTER TABLE `services`
  MODIFY `id` bigint(20) UNSIGNED NOT NULL AUTO_INCREMENT, AUTO_INCREMENT=2;

--
-- AUTO_INCREMENT for table `users`
--
ALTER TABLE `users`
  MODIFY `id` bigint(20) UNSIGNED NOT NULL AUTO_INCREMENT, AUTO_INCREMENT=8;

--
-- AUTO_INCREMENT for table `user_levels`
--
ALTER TABLE `user_levels`
  MODIFY `id` bigint(20) UNSIGNED NOT NULL AUTO_INCREMENT, AUTO_INCREMENT=3;

--
-- AUTO_INCREMENT for table `workers`
--
ALTER TABLE `workers`
  MODIFY `id` bigint(20) UNSIGNED NOT NULL AUTO_INCREMENT, AUTO_INCREMENT=3;

--
-- AUTO_INCREMENT for table `work_spaces`
--
ALTER TABLE `work_spaces`
  MODIFY `id` bigint(20) UNSIGNED NOT NULL AUTO_INCREMENT, AUTO_INCREMENT=3;

--
-- AUTO_INCREMENT for table `work_space_addons`
--
ALTER TABLE `work_space_addons`
  MODIFY `id` bigint(20) UNSIGNED NOT NULL AUTO_INCREMENT, AUTO_INCREMENT=2;

--
-- AUTO_INCREMENT for table `work_space_services`
--
ALTER TABLE `work_space_services`
  MODIFY `id` bigint(20) UNSIGNED NOT NULL AUTO_INCREMENT, AUTO_INCREMENT=2;

--
-- AUTO_INCREMENT for table `work_space_types`
--
ALTER TABLE `work_space_types`
  MODIFY `id` bigint(20) UNSIGNED NOT NULL AUTO_INCREMENT, AUTO_INCREMENT=5;

--
-- Constraints for dumped tables
--

--
-- Constraints for table `model_has_permissions`
--
ALTER TABLE `model_has_permissions`
  ADD CONSTRAINT `model_has_permissions_permission_id_foreign` FOREIGN KEY (`permission_id`) REFERENCES `permissions` (`id`) ON DELETE CASCADE;

--
-- Constraints for table `model_has_roles`
--
ALTER TABLE `model_has_roles`
  ADD CONSTRAINT `model_has_roles_role_id_foreign` FOREIGN KEY (`role_id`) REFERENCES `roles` (`id`) ON DELETE CASCADE;

--
-- Constraints for table `policies`
--
ALTER TABLE `policies`
  ADD CONSTRAINT `policies_provider_id_foreign` FOREIGN KEY (`provider_id`) REFERENCES `providers` (`id`) ON DELETE CASCADE;

--
-- Constraints for table `pricings`
--
ALTER TABLE `pricings`
  ADD CONSTRAINT `pricings_rent_type_id_foreign` FOREIGN KEY (`rent_type_id`) REFERENCES `rent_types` (`id`) ON DELETE CASCADE,
  ADD CONSTRAINT `pricings_work_space_id_foreign` FOREIGN KEY (`work_space_id`) REFERENCES `work_spaces` (`id`) ON DELETE CASCADE;

--
-- Constraints for table `provider_attributes`
--
ALTER TABLE `provider_attributes`
  ADD CONSTRAINT `provider_attributes_attribute_id_foreign` FOREIGN KEY (`attribute_id`) REFERENCES `attributes` (`id`) ON DELETE CASCADE,
  ADD CONSTRAINT `provider_attributes_provider_id_foreign` FOREIGN KEY (`provider_id`) REFERENCES `providers` (`id`) ON DELETE CASCADE;

--
-- Constraints for table `roles`
--
ALTER TABLE `roles`
  ADD CONSTRAINT `roles_provider_id_foreign` FOREIGN KEY (`provider_id`) REFERENCES `providers` (`id`) ON DELETE CASCADE,
  ADD CONSTRAINT `roles_user_level_id_foreign` FOREIGN KEY (`user_level_id`) REFERENCES `user_levels` (`id`) ON DELETE CASCADE;

--
-- Constraints for table `role_has_permissions`
--
ALTER TABLE `role_has_permissions`
  ADD CONSTRAINT `role_has_permissions_permission_id_foreign` FOREIGN KEY (`permission_id`) REFERENCES `permissions` (`id`) ON DELETE CASCADE,
  ADD CONSTRAINT `role_has_permissions_role_id_foreign` FOREIGN KEY (`role_id`) REFERENCES `roles` (`id`) ON DELETE CASCADE;

--
-- Constraints for table `users`
--
ALTER TABLE `users`
  ADD CONSTRAINT `users_provider_id_foreign` FOREIGN KEY (`provider_id`) REFERENCES `providers` (`id`) ON DELETE CASCADE,
  ADD CONSTRAINT `users_user_level_id_foreign` FOREIGN KEY (`user_level_id`) REFERENCES `user_levels` (`id`) ON DELETE CASCADE;

--
-- Constraints for table `workers`
--
ALTER TABLE `workers`
  ADD CONSTRAINT `workers_work_space_id_foreign` FOREIGN KEY (`work_space_id`) REFERENCES `work_spaces` (`id`) ON DELETE CASCADE;

--
-- Constraints for table `work_spaces`
--
ALTER TABLE `work_spaces`
  ADD CONSTRAINT `work_spaces_provider_id_foreign` FOREIGN KEY (`provider_id`) REFERENCES `providers` (`id`) ON DELETE CASCADE,
  ADD CONSTRAINT `work_spaces_work_space_type_id_foreign` FOREIGN KEY (`work_space_type_id`) REFERENCES `work_space_types` (`id`) ON DELETE CASCADE;

--
-- Constraints for table `work_space_addons`
--
ALTER TABLE `work_space_addons`
  ADD CONSTRAINT `work_space_addons_addon_id_foreign` FOREIGN KEY (`addon_id`) REFERENCES `addons` (`id`) ON DELETE CASCADE,
  ADD CONSTRAINT `work_space_addons_work_space_id_foreign` FOREIGN KEY (`work_space_id`) REFERENCES `work_spaces` (`id`) ON DELETE CASCADE;

--
-- Constraints for table `work_space_services`
--
ALTER TABLE `work_space_services`
  ADD CONSTRAINT `work_space_services_service_id_foreign` FOREIGN KEY (`service_id`) REFERENCES `services` (`id`) ON DELETE CASCADE,
  ADD CONSTRAINT `work_space_services_work_space_id_foreign` FOREIGN KEY (`work_space_id`) REFERENCES `work_spaces` (`id`) ON DELETE CASCADE;
COMMIT;

/*!40101 SET CHARACTER_SET_CLIENT=@OLD_CHARACTER_SET_CLIENT */;
/*!40101 SET CHARACTER_SET_RESULTS=@OLD_CHARACTER_SET_RESULTS */;
/*!40101 SET COLLATION_CONNECTION=@OLD_COLLATION_CONNECTION */;
